77001,Skeletal Spearmen (3),4.99,03/08/12,Bones
77002,Orc Archers (3),5.49,03/08/12,Bones
77003,Orc Spearmen (3),5.49,03/08/12,Bones
77004,Cave Troll,2.29,03/08/12,Bones
77005,Ogre Chieftain,2.49,03/08/12,Bones
77006,Great Worm,2.99,03/08/12,Bones
77007,Ghost,1.99,03/08/12,Bones
77008,Garrick the Bold,1.99,03/08/12,Bones
77009,Werewolf,1.99,03/08/12,Bones
77010,Kobolds (6),3.49,03/08/12,Bones
77011,Fulumbar| Dwarf Warrior,1.99,03/08/12,Bones
77012,Gnoll Warrior,2.49,03/08/12,Bones
77013,Minotaur,3.49,07/23/12,Bones
77014,Zombies (3),4.49,07/23/12,Bones
77015,Bugbear Warrior,2.49,07/23/12,Bones
77016,Rats (6),3.49,07/23/12,Bones
77017,Skeletal Swordsman (3),4.99,12/20/12,Bones
77018,Skeletal Archer (3),4.99,12/20/12,Bones
77019,Orc Swordsman (3),5.49,12/20/12,Bones
77020,Bathalian,2.49,12/20/12,Bones
77021,Lindir| Elf Archer,2.29,12/20/12,Bones
77022,Michelle| Female Human Ranger,2.49,12/20/12,Bones
77023,Barnabas| Human Warrior,2.29,12/20/12,Bones
77024,Goblins (6),3.99,12/20/12,Bones
77025,Giant Spider,2.49,12/20/12,Bones
77026,Young Fire Dragon,3.49,12/20/12,Bones
77027,Naomi| Female Vampire,2.29,12/20/12,Bones
77028,Mortar| Gargoyle,3.49,12/20/12,Bones
77029,Silverhorn| Unicorn,2.99,12/20/12,Bones
77030,Danar| Male Assassin,2.49,08/26/13,Bones
77031,Cassie| Gnome Wizard,1.99,08/26/13,Bones
77032,Oxidation Beast,2.49,08/26/13,Bones
77033,Callie| Female Rogue,2.49,08/26/13,Bones
77034,Kieran Tallowmire| Wizard,2.99,08/26/13,Bones
77035,Deladrin| Female Assassin,2.49,08/26/13,Bones
77036,Devona| Female Wizard,2.29,08/26/13,Bones
77037,Medusa,2.49,08/26/13,Bones
77038,Hell Hound,2.99,08/26/13,Bones
77039,Janan| Female Dragon Slayer,2.79,08/26/13,Bones
77040,Satheras| Male Warlock,2.79,08/26/13,Bones
77041,Harpy,2.99,08/26/13,Bones
77042,Orc Marauder (Sword and Shield),2.79,08/26/13,Bones
77043,Eye Beast,3.79,08/26/13,Bones
77044,Turanil| Male Elf Paladin,2.49,08/26/13,Bones
77045,Orc Hunter (Spear),2.79,08/26/13,Bones
77046,Bat Swarm,2.99,08/26/13,Bones
77047,Goldar| Male Barbarian,2.79,08/26/13,Bones
77048,Mocking Beast,2.29,08/26/13,Bones
77049,Arthrand Nightblade| Elf Ranger,2.49,08/26/13,Bones
77050,Lizardman Warrior,2.49,08/26/13,Bones
77051,Orc Stalker (Two Weapons),2.79,08/26/13,Bones
77052,Aina| Female Valkyrie,2.49,08/26/13,Bones
77053,Zombies (3),5.49,08/26/13,Bones
77054,Galladon| Male Wizard,2.49,08/26/13,Bones
77055,Anval Thricedamned| Evil Warrior,2.79,08/26/13,Bones
77056,Orc Sniper (Archer),2.79,08/26/13,Bones
77057,Juliette| Female Sorceress,2.29,07/25/16,Bones
77058,Almaran the Gold| Paladin,2.79,08/26/13,Bones
77059,Orc Berserker (Two Handed Sword),2.79,08/26/13,Bones
77060,Dragonman Warrior,2.79,08/26/13,Bones
77061,Kord the Destroyer,2.99,08/26/13,Bones
77062,Deenah| Female Barbarian,2.79,08/26/13,Bones
77063,Duke Gerard,2.79,08/26/13,Bones
77064,Kavorgh| Orc Warboss,3.29,08/26/13,Bones
77065,Norgol| Irongrave Knight,2.99,08/26/13,Bones
77066,Shaeress| Dark Elf Queen,2.49,08/26/13,Bones
77067,Virina| Female Demon,2.79,08/26/13,Bones
77068,Anirion| Wood Elf Wizard,2.49,08/26/13,Bones
77069,Autumn Bronzeleaf,2.49,08/26/13,Bones
77070,Aviriel Tellerion| Female Elf,2.29,08/26/13,Bones
77071,Elladan| Elf Ranger,2.49,08/26/13,Bones
77072,Bailey Silverbell,2.29,08/26/13,Bones
77073,Freja Fangbreaker,2.29,08/26/13,Bones
77074,Dain Deepaxe,2.29,08/26/13,Bones
77075,Khael Stonekindle| Dwarf Wizard,2.49,08/26/13,Bones
77076,Lysette| Female Elf,2.49,08/26/13,Bones
77077,Finari| Female Paladin,2.29,08/26/13,Bones
77078,Astrid| Female Bard,2.29,08/26/13,Bones
77079,Isabeau Laroche| Female Paladin,2.29,08/26/13,Bones
77080,Wall of Fire (3),4.99,08/26/13,Bones
77081,Burning Sphere (3),4.99,08/26/13,Bones
77082,Large Fire Elemental,8.99,08/26/13,Bones
77083,Medium Fire Elemental,2.99,08/26/13,Bones
77084,Townsfolk Innkeeper,2.49,08/26/13,Bones
77085,Townsfolk Wench,2.49,08/26/13,Bones
77086,Townsfolk Strumpet,2.49,08/26/13,Bones
77087,Townsfolk Mom & Kids,2.49,07/25/16,Bones
77088,Townsfolk Grandmother,2.49,08/26/13,Bones
77089,Halbarand| Cleric,2.49,08/26/13,Bones
77090,Mason Thornwarden,2.49,08/26/13,Bones
77091,Nienna| Female Elf Ranger,2.49,08/26/13,Bones
77092,Elquin| High Elf Adventurer,2.49,08/26/13,Bones
77093,Drago Voss,2.49,12/20/12,Bones
77094,Trista| the White Wolf,2.49,08/26/13,Bones
77095,Ghostly Summons,2.99,08/26/13,Bones
77096,Labella DeMornay| Banshee,2.49,08/26/13,Bones
77097,Grave Wraith,2.99,08/26/13,Bones
77098,Spirit,2.49,08/26/13,Bones
77099,Nightspectre,3.29,08/26/13,Bones
77100,Vanja| Fire Giant Queen,7.99,08/26/13,Bones
77101,Skorg Ironskull| Fire Giant King,9.99,08/26/13,Bones
77102,Ebonwrath| Dragon,19.99,08/26/13,Bones
77103,Nor'Okk| Ettin,4.99,08/26/13,Bones
77104,Blacktongue| Gnoll Archer,2.99,08/26/13,Bones
77105,Kagunk| Ogre Chieftain,3.49,08/26/13,Bones
77106,Boerogg Blackrime| Frost Giant Jarl,9.99,08/26/13,Bones
77107,Svetlana| Frost Giant Princess,7.99,08/26/13,Bones
77108,Shadow Dragon,11.99,08/26/13,Bones
77109,Fire Dragon,12.99,08/26/13,Bones
77110,Deathsleet,19.99,08/26/13,Bones
77111,Rauthuros| Demon,12.99,08/26/13,Bones
77112,Agramon| Pit Fiend,11.99,08/26/13,Bones
77113,Eldritch Demon,5.99,08/26/13,Bones
77114,Faceless Horror,3.29,08/26/13,Bones
77115,Shoggoth,2.49,08/26/13,Bones
77116,Colossal Skeleton,14.99,08/26/13,Bones
77117,Vandorendra| Snake Demon,2.99,08/26/13,Bones
77118,Tiviel| Hellborn Rogue,2.79,08/26/13,Bones
77119,Sinessa| Hellborn Sorceress,2.49,08/26/13,Bones
77120,Vaeloth| Hellborn Paladin,2.29,08/26/13,Bones
77121,Liela| Dark Elf Wizard,2.49,08/26/13,Bones
77122,Tierdeleira| Dark Elf Cleric,2.79,08/26/13,Bones
77123,Zalash| Dark Elf Assassin,2.49,08/26/13,Bones
77124,Dark Elf Warrior,2.49,08/26/13,Bones
77125,Vermin Scorpions,2.49,08/26/13,Bones
77126,Vermin Spiders (2),2.49,08/26/13,Bones
77127,Vermin Beetles,2.49,08/26/13,Bones
77128,Vermin Spider Swarm (2),2.49,08/26/13,Bones
77129,Vermin Rat Swarm (2),2.49,08/26/13,Bones
77130,Vermin Beetle Swarm (2),2.49,08/26/13,Bones
77131,Finaela|Female  Pirate,2.49,08/26/13,Bones
77132,Barnabus Frost| Pirate Captain,2.99,08/26/13,Bones
77133,Gruff Grimecleaver| Dwarf Pirate,1.99,08/26/13,Bones
77134,Hajad| Pirate,2.49,08/26/13,Bones
77135,Mariel Twinspar| Female Pirate,2.29,08/26/13,Bones
77136,Well of Chaos,3.29,08/26/13,Bones
77137,Sarcophagus,3.29,08/26/13,Bones
77138,Treasure Pile & Candleabra,2.99,08/26/13,Bones
77139,Altar of Evil,2.79,08/26/13,Bones
77140,Townsfolk Village Rioter,2.49,08/26/13,Bones
77141,Townsfolk Oswald the Overladen,2.79,08/26/13,Bones
77142,Townsfolk Blacksmith,2.49,08/26/13,Bones
77143,Townsfolk Undertaker,2.49,08/26/13,Bones
77144,Mummy (3),5.49,08/26/13,Bones
77145,Mummy Captain,2.49,08/26/13,Bones
77146,Mummy Warrior (3),5.49,08/26/13,Bones
77147,Mummy Lich,2.99,08/26/13,Bones
77148,Mangu Timur,2.99,08/26/13,Bones
77149,Damien| Hellborn Wizard,2.49,08/26/13,Bones
77150,Ragnaros| Evil Warrior,2.99,08/26/13,Bones
77151,Darkrasp| Evil Priest,2.79,08/26/13,Bones
77152,Marsh Troll,4.99,08/26/13,Bones
77153,Snakeman Warrior,2.79,08/26/13,Bones
77154,Lizardman Spearman,2.79,08/26/13,Bones
77155,Lizardman Warrior,2.79,08/26/13,Bones
77156,Owlbear,6.99,08/26/13,Bones
77157,Griffon,7.99,08/26/13,Bones
77158,Arrius| Skeletal Warrior,2.49,08/26/13,Bones
77159,Ghast,2.49,08/26/13,Bones
77160,Judas Bloodspire| Vampire,2.79,08/26/13,Bones
77161,Ghost King,2.79,08/26/13,Bones
77162,Yephima| Female Cloud Giant,6.99,08/26/13,Bones
77163,Male Storm Giant,9.99,08/26/13,Bones
77164,Elliwyn Heatherlark| Gnome Bard,1.99,08/26/13,Bones
77165,Hellakin Goregutter| Halfling Rogue,1.99,08/26/13,Bones
77166,Balto Burrowell| Gnome Wizard,1.99,08/26/13,Bones
77167,Ingrid| Female Gnome,1.99,08/26/13,Bones
77168,Battleguard Golem,2.79,08/26/13,Bones
77169,Flesh Golem,2.49,08/26/13,Bones
77170,Clay Golem,2.79,08/26/13,Bones
77171,Stone Golem,2.99,08/26/13,Bones
77172,Malek Necromancer,2.79,08/26/13,Bones
77173,Terezinya| Bonepander Wizard,2.49,08/26/13,Bones
77174,Leisynn| Mercenary Mage,2.49,08/26/13,Bones
77175,Ghoul Queen,2.49,08/26/13,Bones
77176,Familiars,1.99,08/26/13,Bones
77177,Wyrmgear| Clockwork Dragon,24.99,08/26/13,Bones
77178,Fire Giant Warrior,8.99,08/26/13,Bones
77179,Fire Giant Bodyguard,8.99,08/26/13,Bones
77180,Shaerileth| Spider Demoness,7.99,08/26/13,Bones
77181,Arachnid Warrior,3.49,08/26/13,Bones
77182,Arachnid Archer,3.49,08/26/13,Bones
77183,Frost Wyrm,14.99,08/26/13,Bones
77184,Spirit of the Forest,6.99,08/26/13,Bones
77185,Large Earth Elemental,6.99,08/26/13,Bones
77186,Tiik Warrior,2.49,08/26/13,Bones
77187,Tiik Champion,2.99,08/26/13,Bones
77188,Sea Lion,2.79,08/26/13,Bones
77189,Creature of Blood Reef,2.49,08/26/13,Bones
77190,Nethyrmaul the Undying,39.99,08/26/13,Bones
77191,Hydra,19.99,08/26/13,Bones
77192,Kaladrax,74.99,08/26/13,Bones
77193,Hyrekia| Dragonthrall Mage,2.49,08/26/13,Bones
77194,Cthulhu,39.99,08/26/13,Bones
77195,Mr. Bones,1.99,08/26/13,Bones
77196,Familiars 2,1.99,08/26/13,Bones
77197,Erick| Paladin Initiate,2.79,04/06/15,Bones
77198,Barrow Rats (2),4.99,04/06/15,Bones
77199,Thund Bloodwrack| Barbarian,2.79,04/06/15,Bones
77200,Sir Conlan,2.79,06/22/15,Bones
77201,Dragoth,3.29,06/22/15,Bones
77202,Warg,3.29,06/22/15,Bones
77203,Alastriel,2.49,06/22/15,Bones
77204,Cassiatta,2.49,06/22/15,Bones
77205,Alistrilee,2.79,06/22/15,Bones
77206,Friar Stone,2.79,06/22/15,Bones
77207,Dub Bullock,2.79,06/22/15,Bones
77208,Anwyn,2.49,06/22/15,Bones
77209,Arran Rabin,2.79,06/22/15,Bones
77210,Sarah the Seeress,2.79,06/22/15,Bones
77211,Gauntfield,2.99,06/22/15,Bones
77212,Tiik Baron,2.79,06/22/15,Bones
77213,Thain Grimthorn| Dwarf Cleric,2.79,06/22/15,Bones
77214,Kar Drakir,3.29,06/22/15,Bones
77215,Eregris Darkfathom,2.99,06/22/15,Bones
77216,Companion Animals,7.49,06/22/15,Bones
77217,Mi-Sher,2.49,06/22/15,Bones
77218,Woody Stumpwimple| Halfling Ranger,2.49,06/22/15,Bones
77219,Grundor Hoardtaker,2.79,06/22/15,Bones
77220,Herryk| Dwarf Cleric,2.79,06/22/15,Bones
77221,Ardynn,2.79,06/22/15,Bones
77222,Aaron the Conjuror,2.79,06/22/15,Bones
77223,Kristianna,2.79,06/22/15,Bones
77224,Rogan| Half Orc Rogue,2.79,06/22/15,Bones
77225,Ingrid| Female Viking,2.49,06/22/15,Bones
77226,Charnel Grub,2.79,06/22/15,Bones
77227,Stone Lurker,3.29,06/22/15,Bones
77228,Chthon,2.79,06/22/15,Bones
77229,Mind Eater,2.79,06/22/15,Bones
77230,Ankheg,3.49,06/22/15,Bones
77231,Rugg| Bugbear Leader,2.99,06/22/15,Bones
77232,Mogg| Bugbear Warrior,2.99,06/22/15,Bones
77233,Kegg| Bugbear Hunter (axe),2.99,06/22/15,Bones
77234,Boneflail| Gnoll Cleric,2.99,06/22/15,Bones
77235,Toghra| Gnoll Leader,2.99,06/22/15,Bones
77236,Bloodmane| Gnoll Warrior,2.99,06/22/15,Bones
77237,Skeleton Guardian Archer (3),5.99,08/24/15,Bones
77238,Skeleton Guardian 2H Sword (3),5.99,08/24/15,Bones
77239,Skeleton Guardian Spearman (3),5.99,08/24/15,Bones
77240,Skeleton Guardian Sword (3),5.99,08/24/15,Bones
77241,Skeleton Guardian Axeman (3),5.99,08/24/15,Bones
77242,Skeleton Warrior Sword (3),5.99,08/24/15,Bones
77243,Skeleton Warrior Axeman (3),5.99,08/24/15,Bones
77244,Skeleton Warrior Spearman (3),5.99,08/24/15,Bones
77245,Skeleton Warrior Archer (3),5.99,08/24/15,Bones
77246,Pillar of Good,2.99,09/07/15,Bones
77247,Pillar of Evil,2.99,09/07/15,Bones
77248,Crates (Large and Small),2.79,09/07/15,Bones
77249,Large Barrel   Small Barrel,2.29,09/07/15,Bones
77250,Bags and Jars,2.79,09/07/15,Bones
77251,Bloodhoof| Minotaur Barbarian,3.49,06/22/15,Bones
77252,Beastman Warrior 1,2.79,09/07/15,Bones
77253,Beastman Warrior 2,2.79,09/07/15,Bones
77254,Beastman Champion,2.99,09/07/15,Bones
77255,Bronzeheart| Minotaur Hero,3.49,09/07/15,Bones
77256,Brass Bull,5.49,09/07/15,Bones
77257,Chimera,5.49,04/06/15,Bones
77258,Blood Demon,2.79,09/07/15,Bones
77259,Fly Demon,2.79,09/07/15,Bones
77260,Ape Demon,2.79,09/07/15,Bones
77261,Bat Demon,2.99,09/07/15,Bones
77262,Vulture Demon,3.29,09/07/15,Bones
77263,Male Centaur,3.29,09/07/15,Bones
77264,Female Centaur,3.29,09/07/15,Bones
77265,Drys| Dryad,2.49,09/07/15,Bones
77266,Glitterwing| Sylph,2.49,09/07/15,Bones
77267,Kallaguk| Troll King,4.49,09/07/15,Bones
77268,Squog Warriors (2),4.29,09/07/15,Bones
77269,Mudcroak| Squog Shaman,2.49,09/07/15,Bones
77270,Spikeshell Warriors (2),4.99,09/07/15,Bones
77271,Dragon Hatchling Blue,2.99,09/07/15,Bones
77272,Dragon Hatchling Green,2.99,09/07/15,Bones
77273,Dragon Hatchling Black,2.99,09/28/15,Bones
77274,Dragon Hatchling Red,2.99,09/28/15,Bones
77275,Kelpies (2),4.79,09/28/15,Bones
77276,Sea Hag,2.79,09/28/15,Bones
77277,Mab Grindylow,2.79,09/28/15,Bones
77278,Sharkman,5.29,04/06/15,Bones
77279,Narthrax,29.99,04/06/15,Bones
77280,Lich,2.99,09/28/15,Bones
77281,Succubus,2.99,09/28/15,Bones
77282,Vampire,2.99,09/28/15,Bones
77283,Necromancer,2.99,09/28/15,Bones
77284,Zombie Ogre,3.49,09/28/15,Bones
77285,Skeletal Champion,2.99,09/28/15,Bones
77286,Mousling King and Princess,2.99,09/28/15,Bones
77287,Mousling Thief and Assassin,2.99,09/28/15,Bones
77288,Mousling Sorcerer and Samurai,2.99,09/28/15,Bones
77289,Mousling Ranger and Yeoman,2.99,09/28/15,Bones
77290,Mousling Druid and Beekeeper,2.99,09/28/15,Bones
77291,Kraken,29.99,04/06/15,Bones
77292,Giant Wererat,3.79,09/28/15,Bones
77293,Wererat Berserker,2.49,09/28/15,Bones
77294,Wererat Stalker,2.49,09/28/15,Bones
77295,Wererat Assassin,2.49,09/28/15,Bones
77296,Wererat Matriarch,2.49,09/28/15,Bones
77297,Packrat,2.99,09/28/15,Bones
77298,Dwarf Slaver,2.79,09/28/15,Bones
77299,Female Antipaladin,2.99,09/28/15,Bones
77300,Male Antipaladin,3.29,10/26/15,Bones
77301,Male Revenant,3.29,10/26/15,Bones
77302,Female Paladin,2.79,10/26/15,Bones
77303,Male Paladin,3.29,10/26/15,Bones
77304,Male Thunderknight,3.29,10/26/15,Bones
77305,Gelatinous Cube,8.29,04/06/15,Bones
77306,Translucent Slimes (2),4.99,10/26/15,Bones
77307,Wolf Demon,6.29,10/26/15,Bones
77308,Boar Demon,8.49,10/26/15,Bones
77309,Crystal Golem,3.29,10/26/15,Bones
77310,Water Weird,2.79,10/26/15,Bones
77311,Large Water Elemental,7.29,04/06/15,Bones
77312,Wall of Ice,2.99,10/26/15,Bones
77313,Krug| Hill Giant,8.99,04/06/15,Bones
77314,Golan| Hill Giant,8.99,10/26/15,Bones
77315,Fire Demon,10.29,04/06/15,Bones
77316,Demon Lord of the Undead,10.29,10/26/15,Bones
77317,Bed,2.79,10/26/15,Bones
77318,Bookshelf,3.29,10/26/15,Bones
77319,Table and Benches,2.99,10/26/15,Bones
77320,Galadanoth| Elf Sniper,2.79,07/10/17,Bones
77321,Giant Cobra,3.29,07/10/17,Bones
77322,Kassandra Of The Blade,2.49,07/10/17,Bones
77323,Blightfang,29.99,04/06/15,Bones
77324,Frost Devil,2.99,10/26/15,Bones
77325,Bone Devil,2.99,10/26/15,Bones
77326,Lemures (2),5.29,10/26/15,Bones
77327,Hell Cat,2.99,10/26/15,Bones
77328,Cinder,29.99,04/06/15,Bones
77329,Silver Dragon,10.99,04/06/15,Bones
77330,Derro Leader,2.79,11/23/15,Bones
77331,Derro Mage,2.79,11/23/15,Bones
77332,Derro (3),5.99,11/23/15,Bones
77333,Mountain Troll,5.29,10/26/15,Bones
77334,Dragon Tortoise,8.29,11/23/15,Bones
77335,Hordlings (3),2.99,11/23/15,Bones
77336,Stone Giant,4.99,11/23/15,Bones
77337,Giant Scorpion,4.29,11/23/15,Bones
77338,Avatar of Sokar,3.99,11/23/15,Bones
77339,Avatar of Thoth,2.99,11/23/15,Bones
77340,Avatar of Sekhmet,2.99,11/23/15,Bones
77341,Lions (2),5.49,11/23/15,Bones
77342,Zombies! (5),6.49,11/23/15,Bones
77343,Goroloth,5.99,11/23/15,Bones
77344,Ice Troll,4.29,11/23/15,Bones
77345,Mushroom Men (3),5.79,11/23/15,Bones
77346,Barrow Warden 1,2.79,11/23/15,Bones
77347,Barrow Warden 2,2.79,11/23/15,Bones
77348,Barrow Warden 3,2.79,11/23/15,Bones
77349,Goblin Command (2),4.49,11/23/15,Bones
77350,Kobold Leaders (2),2.99,11/23/15,Bones
77351,Cultists and Circle (3),5.29,11/23/15,Bones
77352,Demi-Lich,2.29,11/23/15,Bones
77353,Ursula| Dwarven Bear Rider,3.99,11/23/15,Bones
77355,Count Lorenth,3.99,12/21/15,Bones
77356,Anhurian Swordsman (3),6.99,10/26/15,Bones
77357,Anhurian Crossbowmen (3),6.99,10/26/15,Bones
77358,Anhurian Bowmen (3),6.99,10/26/15,Bones
77359,Anhurian Spearmen (3),6.99,10/26/15,Bones
77360,Mr Bones (With Lantern),2.79,12/21/15,Bones
77361,Verocithrax,19.99,04/06/15,Bones
77362,Angels of Sorrow (2),4.99,09/28/15,Bones
77363,Deva,3.99,11/23/15,Bones
77364,Angel of Shadows,2.99,11/23/15,Bones
77365,Angel of Protection,2.99,11/23/15,Bones
77366,Shadow Hound,3.79,12/21/15,Bones
77367,Spell Effect Shadow Tentacles (2),5.79,12/21/15,Bones
77368,Shadow Demon,3.29,12/21/15,Bones
77369,Shadow,2.99,12/21/15,Bones
77370,Troll Slayer Sophie,2.79,12/21/15,Bones
77371,Basilisk,2.99,12/21/15,Bones
77372,Burrowing Horror,5.29,09/07/15,Bones
77373,Cuth Wolfson| Barbarian,2.99,12/21/15,Bones
77374,Tyrea Bronzelocks| Barbarian,2.79,12/21/15,Bones
77375,Great Mother Mashaaf,29.99,04/06/15,Bones
77376,Minotaur Demon Lord,12.99,04/06/15,Bones
77377,Toad Demon,5.79,09/28/15,Bones
77378,Caryatid Columns (2),4.49,11/23/15,Bones
77379,Dracolisk,4.49,12/21/15,Bones
77380,Khanjira the World Breaker,49.99,03/16/15,Bones
77381,Dragons Don't Share - 2014 Edition,74.99,03/16/15,Bones
77382,Vernone| Ivy Crown Knight,2.79,07/10/17,Bones
77383,Barden Barrelstrap| Dwarf Cleric,2.79,12/21/15,Bones
77384,Arathanel| Elf Ranger,2.79,12/21/15,Bones
77385,Sir Rathan Kranzhel| Human Fighter,2.79,12/21/15,Bones
77386,Andriessa| Female Wizard,2.79,12/21/15,Bones
77387,Lanelle| Half-elf Rogue,2.79,12/21/15,Bones
77388,Gnoll Warrior,2.99,12/21/15,Bones
77389,Highland Heroine,2.79,12/21/15,Bones
77390,Highlands Familiar & Menhir,4.79,12/21/15,Bones
77391,Cloak Beast,2.29,12/21/15,Bones
77392,Peryton,2.79,12/21/15,Bones
77393,Avukavali| Snake Demon,3.79,12/21/15,Bones
77394,Filth Beast,3.29,12/21/15,Bones
77395,Cadirith| Demonic Colossal Spider,15.99,04/06/15,Bones
77396,Olivia| Female Cleric,2.49,12/21/15,Bones
77397,Logrim Battlefury| Dwarf Paladin,2.79,12/21/15,Bones
77398,Dungeon Decor Stalagmites,9.99,12/21/15,Bones
77399,Sigurd| Viking,2.79,07/10/17,Bones
77400,Durgam Deepmug| Dwarf Hero,2.79,07/10/17,Bones
77401,Andras| Evil Warrior,2.79,07/10/17,Bones
77402,Pack Donkey,2.49,07/10/17,Bones
77403,Dingo| Halfling Rogue,2.49,07/10/17,Bones
77404,Valandil| Wizard,2.79,08/07/17,Bones
77405,Aeris| Female Elf Ranger,2.99,08/07/17,Bones
77406,Boris Mingla| Evil Warlord,2.99,08/07/17,Bones
77407,Death Dog,3.49,08/07/17,Bones
77408,Athak| Undead Knight,2.99,08/07/17,Bones
77409,Fiara| Elf Heroine,2.49,08/07/17,Bones
77410,Foo Dog,3.79,08/07/17,Bones
77411,Eredain| Mercenary Wizard,2.49,08/07/17,Bones
77412,Lendil Blackroot| Wizard,2.79,08/07/17,Bones
77413,Margara| Dwarf Shaman,2.79,08/07/17,Bones
77414,Halbarad| Cleric,2.79,08/07/17,Bones
77416,Formorian Giant,3.99,08/07/17,Bones
77417,Ivar| Dwarf Priest,2.49,08/07/17,Bones
77418,Xiao Liu| Female Monk,2.49,08/07/17,Bones
77419,Balthon| Evil Cleric,2.49,08/07/17,Bones
77420,Aundine| Dark Elf Warrior,2.49,08/07/17,Bones
77421,Jade Tiger| Monk,2.49,08/07/17,Bones
77422,War Dog,2.79,08/07/17,Bones
77423,Sir Malcolm| Templar Lightbringer,2.99,08/07/17,Bones
77424,Wraith,2.99,08/07/17,Bones
77425,Lizardman Archer,2.79,08/07/17,Bones
77426,Lizardman w/ Club and Shield,2.79,08/07/17,Bones
77427,Dungeon Vermin  - Centipede (2),2.49,08/07/17,Bones
77428,Dungeon Vermin  - Tick (2),2.49,08/07/17,Bones
77429,Orc Grunt,2.79,09/04/17,Bones
77430,Orc Slayer (Axe & Shield),2.79,09/04/17,Bones
77431,Orc Chopper (2H Axe),2.79,09/04/17,Bones
77432,Orc Slicer (Scimitar & Shield),2.79,09/04/17,Bones
77433,Yeti Shaman,3.49,09/04/17,Bones
77434,Yeti Chieftain,3.49,07/09/18,Bones
77435,Yeti Warrior,3.49,09/04/17,Bones
77436,Yeti Shredder,3.49,09/04/17,Bones
77440,Masumi| Demon Hunter,2.99,10/02/17,Bones
77441,Ostarzha| Elf Cleric,2.49,10/02/17,Bones
77442,Torture Equipment 1,5.79,07/09/18,Bones
77443,Torture Equipment 2,5.79,07/09/18,Bones
77444,Goblin Warriors (6),4.99,10/02/17,Bones
77445,Goblin Skirmishers (6),4.99,10/02/17,Bones
77446,Werebear,3.99,10/02/17,Bones
77447,Werecrocodile,3.99,10/02/17,Bones
77448,Werebat,3.99,06/04/18,Bones
77449,Invisible Rogue,2.99,11/06/17,Bones
77450,Invisible Wizard,2.99,11/06/17,Bones
77451,Invisible Cleric,2.99,11/06/17,Bones
77452,Invisible Ranger,2.99,11/06/17,Bones
77453,Invisible Warrior,2.99,11/06/17,Bones
77454,Ogre Clubber,3.49,11/06/17,Bones
77455,Ogre Smasher,3.49,11/06/17,Bones
77456,Ogre Guard,3.49,11/06/17,Bones
77459,Elven Blacksmith,2.99,11/06/17,Bones
77460,Dwarf Butcher,2.99,11/06/17,Bones
77461,Dwarf Brewer,2.99,11/06/17,Bones
77462,Halfling Cook,2.79,12/11/17,Bones
77463,Weregorilla,3.79,06/04/18,Bones
77464,Werewolf,3.79,12/11/17,Bones
77467,Rheagar| Male Fighter,2.79,12/11/17,Bones
77468,Christina| Female Cleric,2.79,12/11/17,Bones
77469,Brand Oathblood| Barbarian,2.79,09/04/17,Bones
77470,Elthin Bluesteel| Gunslinger,2.79,12/11/17,Bones
77471,Tengu (3),7.99,12/11/17,Bones
77472,Rogaku| Oni,4.79,12/11/17,Bones
77473,Kogo| Male Kitsune,2.79,12/11/17,Bones
77474,Dijoro| Female Kitsune,2.79,12/11/17,Bones
77476,Hobgoblin Warriors (2),5.49,12/11/17,Bones
77477,Hobgoblin Veterans (2),5.49,12/11/17,Bones
77478,King Axehelm Of Kragmarr,2.79,12/11/17,Bones
77479,Klaus Copperthumb| Dwarf Thief,2.79,12/11/17,Bones
77480,Durok| Dwarf Ranger,2.79,12/11/17,Bones
77481,Gwyddis| Dwarf Valkyrie,2.79,12/11/17,Bones
77482,Hagar| Dwarven Hero,2.79,12/11/17,Bones
77484,Mrs. Bones,2.99,12/11/17,Bones
77485,Mr. Bones & Buzzy,5.99,12/11/17,Bones
77486,Female Oni,3.29,12/11/17,Bones
77487,Nazeera Bloodraven,2.99,12/11/17,Bones
77488,Skara| Female Skoli,2.79,12/11/17,Bones
77489,Bregan| Valkyrie,2.79,12/11/17,Bones
77490,Mara Frostblade| Antipaladin,2.79,12/11/17,Bones
77491,Sophie the Sage| Bones 3 Kickstarter,3.29,12/11/17,Bones
77492,Behir,6.79,01/15/18,Bones
77493,Brain In a Jar,3.49,01/15/18,Bones
77494,Dire Bear,3.99,01/15/18,Bones
77495,Saproling Warrior,2.49,01/15/18,Bones
77496,Eilluvasheth| Succubus Queen,2.99,01/15/18,Bones
77497,Gremlins (4),3.99,01/15/18,Bones
77498,Werearmadillo,4.99,01/15/18,Bones
77499,Gutrags| Stitch Golem,4.99,01/15/18,Bones
77500,Lesser Stitch Golems (2),5.49,01/15/18,Bones
77501,Minotaur,3.49,01/15/18,Bones
77502,Jungle Titan,6.29,01/15/18,Bones
77503,Temple Dragon,5.99,01/15/18,Bones
77504,Death Star Lilies (2),5.49,01/15/18,Bones
77505,Dragon Plant,3.99,01/15/18,Bones
77506,Kobolds (6),3.99,01/15/18,Bones
77507,Bandit Leader,2.79,01/15/18,Bones
77508,Bandit Bully,2.79,01/15/18,Bones
77509,Bandit Enforcer,2.79,01/15/18,Bones
77510,Bandit Knocker,2.79,01/15/18,Bones
77511,Xiloxoch| Naga,3.49,01/15/18,Bones
77512,Flesh Golem,3.29,01/15/18,Bones
77513,Vegypygmy (2),4.49,01/15/18,Bones
77514,Iron Golem,4.99,02/05/18,Bones
77515,Merrow,3.49,02/05/18,Bones
77516,Dark Young,7.99,02/05/18,Bones
77517,Cultists (3),8.29,02/05/18,Bones
77518,Cultist Priests (2),5.49,02/05/18,Bones
77519,Deep Ones Warriors (2),5.49,02/05/18,Bones
77520,Deep One Priest & Servitor,5.49,02/05/18,Bones
77521,Gravewailer,2.99,02/05/18,Bones
77522,Mi-go| Eldritch Horror,2.99,02/05/18,Bones
77523,C'thulhu Shrine,3.49,02/05/18,Bones
77524,Gug| Eldritch Horror,2.99,02/05/18,Bones
77525,Great Obelisk of C'thulhu,4.99,02/05/18,Bones
77526,Graveyard Golem,4.99,02/05/18,Bones
77531,Graveyard Fencepost (2),3.29,03/05/18,Bones
77533,Dread Wolves (2),5.49,02/05/18,Bones
77535,Dust King and Crypt,6.79,02/05/18,Bones
77536,Female Wraith,2.79,02/05/18,Bones
77537,Grave Minions (3),6.99,02/05/18,Bones
77538,Gravestone of Sorrow,2.99,02/05/18,Bones
77539,Gravestone of Protection,2.99,02/05/18,Bones
77540,Large Sarcophagus,4.99,02/05/18,Bones
77541,Carrion Worm,5.99,02/05/18,Bones
77542,Marthrangul| Great Dragon,29.99,10/02/17,Bones
77543,Frost Giant Warrior (1H Axe),12.99,02/05/18,Bones
77544,Frost Giant Bodyguard (2H Axe),12.99,02/05/18,Bones
77545,Diabolus the Devil Dragon,19.99,12/11/17,Bones
77546,Barbarian Mouslings (2),2.79,02/05/18,Bones
77547,Eastern Mouslings (2),2.79,03/05/18,Bones
77548,Wizard Mouslings (2),2.79,03/05/18,Bones
77549,Viking Mouslings (2),2.79,03/05/18,Bones
77550,Crusader Champion (attacking),2.99,03/05/18,Bones
77551,Crusader Swordsman (standing),2.99,03/05/18,Bones
77552,Crusader Justifier (Greatsword),2.99,03/05/18,Bones
77553,Crusader Ardent (Hammer),2.99,03/05/18,Bones
77554,Crusader Defender (spear),2.99,03/05/18,Bones
77557,Kyra / Lavarath (Dragon and Rider),19.99,09/04/17,Bones
77558,Undying Lord Of Death,2.99,03/05/18,Bones
77559,Undying Minotaur,3.49,03/05/18,Bones
77561,Undead Dwarf Fighter,2.79,03/05/18,Bones
77562,Undead Halfling Rogue,2.49,03/05/18,Bones
77563,Undead Elf Archer,2.79,03/05/18,Bones
77565,Kyphrixis| The Copper Dragon,19.99,03/05/18,Bones
77566,Ogre Chieftain,4.79,03/05/18,Bones
77567,Goblin Honor Guard,4.49,03/05/18,Bones
77568,Ogre Matriarch,3.99,03/05/18,Bones
77569,Dwarven Berserk Jester,2.79,03/05/18,Bones
77570,Dwarf King on Throne,8.99,09/04/17,Bones
77571,Dwarf Forge Priestess,2.79,03/05/18,Bones
77572,Dwarf Master Of The Hunt,2.79,03/05/18,Bones
77573,War Pugs (3),2.79,03/05/18,Bones
77574,Dwarf Royal Weapomaster,2.79,03/05/18,Bones
77575,Dwarf Mounted Battle Mage,3.29,03/05/18,Bones
77576,Female Sphinx,5.99,03/05/18,Bones
77577,Manticore,5.99,05/07/18,Bones
77578,Stormwing| Dragon,19.99,07/09/18,Bones
77580,Ma'al Drakar the Dragon Tyrant (Deluxe Boxed Set),149.99,07/10/17,Bones
77583,Medium Air Elemental,2.79,04/09/18,Bones
77584,Large Air Elemental,4.99,05/07/18,Bones
77586,Avatar of Rage (Hippo),5.29,11/06/17,Bones
77587,Avatar of Resilience (Rhino),3.99,07/09/18,Bones
77588,Avatar of Strength (Elephant),5.79,07/09/18,Bones
77589,Avatar of Honor (Gorilla),4.49,07/09/18,Bones
77590,Father Dagon,29.99,02/05/18,Bones
77591,Frost Giant King,12.99,11/06/17,Bones
77592,Frost Giant Queen,9.99,04/09/18,Bones
77593,Bluferg| Fire Giant Jailor,12.99,01/15/18,Bones
77594,Solar| Angel,7.99,01/15/18,Bones
77595,Bonesylvanians -Tish,2.79,10/02/17,Bones
77596,Bonesylvanians - Sandy,2.79,10/02/17,Bones
77597,Bonesylvanians - Tut,2.79,10/02/17,Bones
77598,Bonesylvanians - Van,2.79,10/02/17,Bones
77599,Bonesylvanians -Cal,2.79,10/02/17,Bones
77600,Bonesylvanians - Max,2.79,10/02/17,Bones
77601,Bonesylvanians - Gus,2.79,10/02/17,Bones
77602,Bonesylvanians - Morty,2.79,10/02/17,Bones
77603,Bonesylvanians - Bart,2.79,10/02/17,Bones
77604,Bonesylvanians - Jack,2.79,10/02/17,Bones
77605,Bonesylvanians - Mel,2.79,10/02/17,Bones
77606,Bonesylvanians - Gil,2.79,10/02/17,Bones
77607,Bonesylvanians - Patch,2.79,10/02/17,Bones
77608,Bonesylvanians - Jaques,2.79,10/02/17,Bones
77609,Bonesylvanians - Lou,3.29,10/02/17,Bones
77610,Bonesylvanians - Esme,2.79,10/02/17,Bones
77611,Bonesylvanians - Lon,2.79,10/02/17,Bones
77612,Bonesylvanians - Drak,2.79,10/02/17,Bones
77613,Vanja| Fire Giant Queen (Huge),9.99,06/04/18,Bones
77614,Skorg Ironskull| Fire Giant King (Huge),12.99,04/09/18,Bones
77615,Fire Giant Bodyguard (Huge),12.49,04/09/18,Bones
77616,Fire Giant Warrior (Huge),10.99,04/09/18,Bones
77617,Dungeon Dressing Hearth,9.99,04/09/18,Bones
77618,Dungeon Dressing Bar,3.99,04/09/18,Bones
77619,Hangman's Gibbet,5.99,05/07/18,Bones
77620,Logar the Executioner,2.79,04/09/18,Bones
77621,Avatar of Protection (Water Buffalo),3.49,04/09/18,Bones
77622,Avatar of Wisdom (Giraffe),3.49,05/07/18,Bones
77623,Avatar of Courage (Lion),2.99,04/09/18,Bones
77624,Altar to Dagon,14.99,07/09/18,Bones
77625,Invisible Kyphrixis,19.99,06/04/18,Bones
77627,Shipwreck Revenant,24.99,05/07/18,Bones
77628,Coral Golem,8.49,06/04/18,Bones
77629,Sylph (clear),2.79,04/09/18,Bones
77630,Sacrificial Altar,5.99,04/09/18,Bones
77631,Vorvorlaka,2.79,04/09/18,Bones
77632,Sarcophagus,3.79,04/09/18,Bones
77633,Coffin And Corpse,2.79,04/09/18,Bones
77634,Cursed Gravestone,3.29,04/09/18,Bones
77635,Graveyard Archway,2.79,05/07/18,Bones
77636,Death Shroud,2.79,05/07/18,Bones
77637,Obsidian Crypt (Boxed Set),29.99,07/10/17,Bones
77638,Graveyard Column (x2),7.99,05/07/18,Bones
77639,Graveyard Shrine,2.79,05/07/18,Bones
